Course Subject,Course Catalog Code,Class Section Code,Enrollment Capacity,Start Time,End Time,Mon,Tue,Wed,Thu,Fri,Sat,SUN
ACCT,110,1,50,08:00,09:15,N,Y,N,Y,N,N,N
ACCT,110,2,50,09:30,10:45,N,Y,N,Y,N,N,N
ACCT,110,3,50,11:00,12:15,N,Y,N,Y,N,N,N
ACCT,110,4,50,12:30,13:45,N,Y,N,Y,N,N,N
ACCT,110,5,50,14:00,15:15,N,Y,N,Y,N,N,N
ACCT,210,1,45,08:00,09:15,N,Y,N,Y,N,N,N
ACCT,210,2,45,09:30,10:45,N,Y,N,Y,N,N,N
ACCT,210,3,45,11:00,12:15,N,Y,N,Y,N,N,N
ADPR,101,1,50,08:00,09:15,N,Y,N,Y,N,N,N
ADPR,101,2,50,09:30,10:45,N,Y,N,Y,N,N,N
ADPR,201,1,35,08:00,09:15,N,Y,N,Y,N,N,N
ADPR,201,2,35,09:30,10:45,N,Y,N,Y,N,N,N
ADPR,201,3,35,11:00,12:15,N,Y,N,Y,N,N,N
AMSLC,101,1,50,08:00,09:15,N,Y,N,Y,N,N,N
AMSLC,101,2,50,11:00,12:15,Y,N,Y,N,Y,N,N
AMSLC,102,1,24,08:00,09:15,N,Y,N,Y,N,N,N
AMSLC,102,2,24,09:30,10:45,N,Y,N,Y,N,N,N
AMSLC,102,3,24,11:00,12:15,Y,N,Y,N,Y,N,N
AMSLC,201,1,35,09:30,10:45,N,Y,N,Y,N,N,N
AMSLC,201,2,35,11:00,12:15,Y,N,Y,N,Y,N,N
ANTH,101,1,50,08:00,09:15,N,Y,N,Y,N,N,N
ANTH,101,2,50,14:00,15:15,Y,N,Y,N,Y,N,N
ASLE,101,1,50,08:00,09:15,N,Y,N,Y,N,N,N
ASLE,101,2,50,11:00,12:15,Y,N,Y,N,Y,N,N
ASLE,201,1,35,08:00,09:15,N,Y,N,Y,N,N,N
ASLE,201,2,35,09:30,10:45,N,Y,N,Y,N,N,N
ASLE,201,3,35,14:00,15:15,Y,N,Y,N,Y,N,N
ASLE,301,1,35,08:00,09:15,N,Y,N,Y,N,N,N
ASLE,301,2,35,09:30,10:45,N,Y,N,Y,N,N,N
ASLE,301,3,35,11:00,12:15,Y,N,Y,N,Y,N,N
BIOL,101,1,50,08:00,09:15,N,Y,N,Y,N,N,N
BIOL,101,4,50,12:30,13:45,N,Y,N,Y,N,N,N
BIOL,101,6,50,15:30,16:45,N,Y,N,Y,N,N,N
BIOL,101,11,50,12:30,13:45,Y,N,Y,N,Y,N,N
BIOL,101,13,50,15:30,16:45,Y,N,Y,N,Y,N,N
BIOL,101,15,50,08:00,09:15,N,Y,N,Y,N,N,N
BIOL,101,16,50,09:30,10:45,N,Y,N,Y,N,N,N
BIOL,101,17,50,11:00,12:15,N,Y,N,Y,N,N,N
BIOL,101,19,50,14:00,15:15,N,Y,N,Y,N,N,N
BIOL,101,21,50,17:00,18:15,N,Y,N,Y,N,N,N
BIOL,101,22,50,08:00,09:15,Y,N,Y,N,Y,N,N
BIOL,101,23,50,09:30,10:45,Y,N,Y,N,Y,N,N
BIOL,102,1,24,08:00,09:15,N,Y,N,Y,N,N,N
BIOL,102,2,24,09:30,10:45,N,Y,N,Y,N,N,N
BIOL,102,3,24,11:00,12:15,N,Y,N,Y,N,N,N
BIOL,102,4,24,12:30,13:45,N,Y,N,Y,N,N,N
BIOL,102,5,24,14:00,15:15,N,Y,N,Y,N,N,N
BIOL,102,6,24,15:30,16:45,N,Y,N,Y,N,N,N
BIOL,102,7,24,17:00,18:15,N,Y,N,Y,N,N,N
BIOL,102,8,24,08:00,09:15,Y,N,Y,N,Y,N,N
BIOL,102,9,24,09:30,10:45,Y,N,Y,N,Y,N,N
BIOL,102,10,24,11:00,12:15,Y,N,Y,N,Y,N,N
BIOL,102,11,24,12:30,13:45,Y,N,Y,N,Y,N,N
BIOL,102,12,24,14:00,15:15,Y,N,Y,N,Y,N,N
BIOL,102,13,24,15:30,16:45,Y,N,Y,N,Y,N,N
BIOL,102,14,24,17:00,18:15,Y,N,Y,N,Y,N,N
BIOL,205,1,40,08:00,09:15,N,Y,N,Y,N,N,N
BIOL,205,2,40,09:30,10:45,N,Y,N,Y,N,N,N
BIOL,205,3,40,11:00,12:15,N,Y,N,Y,N,N,N
BIOL,205,4,40,12:30,13:45,N,Y,N,Y,N,N,N
BIOL,205,5,40,14:00,15:15,N,Y,N,Y,N,N,N
BIOL,205,6,40,15:30,16:45,N,Y,N,Y,N,N,N
BIOL,205,7,40,17:00,18:15,N,Y,N,Y,N,N,N
BMED,101,1,50,08:00,08:50,Y,N,Y,N,Y,N,N
BMED,101,2,50,09:00,09:50,Y,N,Y,N,Y,N,N
BMED,101,3,50,10:00,10:50,Y,N,Y,N,Y,N,N
BMED,101,4,50,11:00,11:50,Y,N,Y,N,Y,N,N
BMED,210,1,36,08:00,08:50,Y,N,Y,N,Y,N,N
BMED,210,2,36,09:00,09:50,Y,N,Y,N,Y,N,N
BMED,210,3,36,10:00,10:50,Y,N,Y,N,Y,N,N
BMED,210,4,36,11:00,11:50,Y,N,Y,N,Y,N,N
BMED,210,5,36,12:00,12:50,Y,N,Y,N,Y,N,N
CDIL,101,1,50,08:00,09:15,N,Y,N,Y,N,N,N
CDIL,201,1,35,09:30,10:45,N,Y,N,Y,N,N,N
CHEM,151,1,40,08:00,09:15,N,Y,N,Y,N,N,N
CHEM,151,10,40,11:00,12:15,Y,N,Y,N,Y,N,N
CHEM,151,16,40,09:30,10:45,N,Y,N,Y,N,N,N
CHEM,151,20,40,15:30,16:45,N,Y,N,Y,N,N,N
CHEM,151,25,40,12:30,13:45,Y,N,Y,N,Y,N,N
CHEM,152,1,40,08:00,09:15,N,Y,N,Y,N,N,N
CHEM,152,2,40,09:30,10:45,N,Y,N,Y,N,N,N
CHEM,152,3,40,11:00,12:15,N,Y,N,Y,N,N,N
CHEM,152,11,40,12:30,13:45,Y,N,Y,N,Y,N,N
CHEM,152,12,40,14:00,15:15,Y,N,Y,N,Y,N,N
CHEM,231,1,40,08:00,09:15,N,Y,N,Y,N,N,N
CHEM,231,2,40,09:30,10:45,N,Y,N,Y,N,N,N
CHEM,231,3,40,11:00,12:15,N,Y,N,Y,N,N,N
CHEM,232,1,40,08:00,09:15,N,Y,N,Y,N,N,N
CHEM,232,2,40,09:30,10:45,N,Y,N,Y,N,N,N
CHEM,232,3,40,11:00,12:15,N,Y,N,Y,N,N,N
CHME,201,1,36,08:00,08:50,Y,N,Y,N,Y,N,N
CHME,201,2,36,09:00,09:50,Y,N,Y,N,Y,N,N
CHME,201,3,36,10:00,10:50,Y,N,Y,N,Y,N,N
CHME,201,4,36,11:00,11:50,Y,N,Y,N,Y,N,N
CHME,301,1,36,08:00,08:50,Y,N,Y,N,Y,N,N
CHME,301,2,36,09:00,09:50,Y,N,Y,N,Y,N,N
CHME,301,3,36,10:00,10:50,Y,N,Y,N,Y,N,N
CHME,301,4,36,11:00,11:50,Y,N,Y,N,Y,N,N
CIVT,101,1,50,08:00,09:15,N,Y,N,Y,N,N,N
CIVT,101,2,50,09:30,10:45,N,Y,N,Y,N,N,N
CIVT,201,1,35,08:00,09:15,N,Y,N,Y,N,N,N
CIVT,201,2,35,09:30,10:45,N,Y,N,Y,N,N,N
CMPE,160,1,36,08:00,08:50,Y,N,Y,N,Y,N,N
CMPE,160,2,36,09:00,09:50,Y,N,Y,N,Y,N,N
CMPE,160,3,36,10:00,10:50,Y,N,Y,N,Y,N,N
CMPE,160,4,36,11:00,11:50,Y,N,Y,N,Y,N,N
CMPE,160,5,36,12:00,12:50,Y,N,Y,N,Y,N,N
CMPE,160,6,36,14:00,14:50,Y,N,Y,N,Y,N,N
CMPE,250,1,36,08:00,08:50,Y,N,Y,N,Y,N,N
CMPE,250,2,36,09:00,09:50,Y,N,Y,N,Y,N,N
CMPE,250,3,36,10:00,10:50,Y,N,Y,N,Y,N,N
CMPE,250,4,36,11:00,11:50,Y,N,Y,N,Y,N,N
CMPE,250,5,36,12:00,12:50,Y,N,Y,N,Y,N,N
CMPE,250,6,36,15:00,15:50,Y,N,Y,N,Y,N,N
COMM,101,1,50,08:00,09:15,N,Y,N,Y,N,N,N
COMM,101,2,50,09:30,10:45,N,Y,N,Y,N,N,N
COMM,101,3,50,11:00,12:15,N,Y,N,Y,N,N,N
COMM,101,4,50,12:30,13:45,N,Y,N,Y,N,N,N
COMM,201,1,50,08:00,09:15,N,Y,N,Y,N,N,N
COMM,201,2,50,09:30,10:45,N,Y,N,Y,N,N,N
COMM,201,3,50,11:00,12:15,N,Y,N,Y,N,N,N
COMM,251,1,50,08:00,09:15,N,Y,N,Y,N,N,N
COMM,251,2,50,09:30,10:45,N,Y,N,Y,N,N,N
COMM,251,3,50,11:00,12:15,N,Y,N,Y,N,N,N
CPET,101,1,40,08:00,09:15,N,Y,N,Y,N,N,N
CPET,101,2,40,09:30,10:45,N,Y,N,Y,N,N,N
CPET,201,1,40,08:00,09:15,N,Y,N,Y,N,N,N
CPET,201,2,40,09:30,10:45,N,Y,N,Y,N,N,N
CRJS,101,1,50,08:00,09:15,N,Y,N,Y,N,N,N
CRJS,101,2,50,09:30,10:45,N,Y,N,Y,N,N,N
CRJS,101,3,50,11:00,12:15,N,Y,N,Y,N,N,N
CRJS,201,1,50,08:00,09:15,N,Y,N,Y,N,N,N
CRJS,201,2,50,09:30,10:45,N,Y,N,Y,N,N,N
CRJS,201,3,50,11:00,12:15,N,Y,N,Y,N,N,N
CRJS,301,1,50,08:00,09:15,N,Y,N,Y,N,N,N
CRJS,301,2,50,09:30,10:45,N,Y,N,Y,N,N,N
CRJS,301,3,50,11:00,12:15,N,Y,N,Y,N,N,N
CSCI,140,1,40,08:00,08:50,Y,N,Y,N,Y,N,N
CSCI,140,2,40,09:00,09:50,Y,N,Y,N,Y,N,N
CSCI,140,3,40,10:00,10:50,Y,N,Y,N,Y,N,N
CSCI,140,4,40,11:00,11:50,Y,N,Y,N,Y,N,N
CSCI,140,5,40,12:00,12:50,Y,N,Y,N,Y,N,N
CSCI,140,6,40,13:00,13:50,Y,N,Y,N,Y,N,N
CSCI,140,7,40,14:00,14:50,Y,N,Y,N,Y,N,N
CSCI,141,1,40,08:00,08:50,Y,N,Y,N,Y,N,N
CSCI,141,2,40,09:00,09:50,Y,N,Y,N,Y,N,N
CSCI,141,3,40,10:00,10:50,Y,N,Y,N,Y,N,N
CSCI,141,4,40,11:00,11:50,Y,N,Y,N,Y,N,N
CSCI,141,5,40,12:00,12:50,Y,N,Y,N,Y,N,N
CSCI,141,6,40,13:00,13:50,Y,N,Y,N,Y,N,N
CSCI,141,7,40,14:00,14:50,Y,N,Y,N,Y,N,N
CSCI,141,8,40,15:00,15:50,Y,N,Y,N,Y,N,N
CSCI,141,9,40,16:00,16:50,Y,N,Y,N,Y,N,N
CSCI,141,10,40,08:00,08:50,Y,N,Y,N,Y,N,N
CSCI,141,11,40,09:00,09:50,Y,N,Y,N,Y,N,N
CSCI,141,12,40,10:00,10:50,Y,N,Y,N,Y,N,N
CSCI,141,13,40,11:00,11:50,Y,N,Y,N,Y,N,N
CSCI,141,14,40,12:00,12:50,Y,N,Y,N,Y,N,N
CSCI,141,15,40,13:00,13:50,Y,N,Y,N,Y,N,N
CSCI,141,16,40,14:00,14:50,Y,N,Y,N,Y,N,N
CSCI,141,17,40,15:00,15:50,Y,N,Y,N,Y,N,N
CSCI,141,18,40,16:00,16:50,Y,N,Y,N,Y,N,N
CSCI,141,19,40,08:00,08:50,Y,N,Y,N,Y,N,N
CSCI,141,20,40,09:00,09:50,Y,N,Y,N,Y,N,N
CSCI,141,21,40,10:00,10:50,Y,N,Y,N,Y,N,N
CSCI,141,22,40,11:00,11:50,Y,N,Y,N,Y,N,N
CSCI,141,23,40,12:00,12:50,Y,N,Y,N,Y,N,N
CSCI,141,24,40,13:00,13:50,Y,N,Y,N,Y,N,N
CSCI,141,25,40,14:00,14:50,Y,N,Y,N,Y,N,N
CSCI,141,26,40,15:00,15:50,Y,N,Y,N,Y,N,N
CSCI,142,1,40,08:00,08:50,Y,N,Y,N,Y,N,N
CSCI,142,2,40,09:00,09:50,Y,N,Y,N,Y,N,N
CSCI,142,3,40,10:00,10:50,Y,N,Y,N,Y,N,N
CSCI,142,4,40,11:00,11:50,Y,N,Y,N,Y,N,N
CSCI,142,5,40,12:00,12:50,Y,N,Y,N,Y,N,N
CSCI,142,6,40,13:00,13:50,Y,N,Y,N,Y,N,N
CSCI,142,7,40,14:00,14:50,Y,N,Y,N,Y,N,N
CSCI,142,8,40,15:00,15:50,Y,N,Y,N,Y,N,N
CSCI,142,9,40,16:00,16:50,Y,N,Y,N,Y,N,N
CSCI,142,10,40,08:00,08:50,Y,N,Y,N,Y,N,N
CSCI,142,11,40,09:00,09:50,Y,N,Y,N,Y,N,N
CSCI,142,12,40,10:00,10:50,Y,N,Y,N,Y,N,N
CSCI,243,1,40,08:00,08:50,Y,N,Y,N,Y,N,N
CSCI,243,2,40,09:00,09:50,Y,N,Y,N,Y,N,N
CSCI,243,3,40,10:00,10:50,Y,N,Y,N,Y,N,N
CSCI,243,4,40,11:00,11:50,Y,N,Y,N,Y,N,N
CSCI,243,5,40,12:00,12:50,Y,N,Y,N,Y,N,N
DMS,101,1,50,08:00,09:15,N,Y,N,Y,N,N,N
DMS,201,1,35,08:00,09:15,N,Y,N,Y,N,N,N
DMS,201,2,35,09:30,10:45,N,Y,N,Y,N,N,N
DMS,201,3,35,14:00,15:15,Y,N,Y,N,Y,N,N
ECON,201,1,50,08:00,09:15,N,Y,N,Y,N,N,N
ECON,201,2,50,09:30,10:45,N,Y,N,Y,N,N,N
ECON,202,1,50,08:00,09:15,N,Y,N,Y,N,N,N
ECON,202,2,50,09:30,10:45,N,Y,N,Y,N,N,N
EEEE,120,1,50,08:00,08:50,Y,N,Y,N,Y,N,N
EEEE,120,2,50,09:00,09:50,Y,N,Y,N,Y,N,N
EEEE,120,3,50,10:00,10:50,Y,N,Y,N,Y,N,N
EEEE,120,4,50,11:00,11:50,Y,N,Y,N,Y,N,N
EEEE,120,5,50,12:00,12:50,Y,N,Y,N,Y,N,N
EEEE,120,6,50,13:00,13:50,Y,N,Y,N,Y,N,N
EEEE,120,7,50,14:00,14:50,Y,N,Y,N,Y,N,N
EEEE,132,1,36,08:00,08:50,Y,N,Y,N,Y,N,N
EEEE,132,2,36,09:00,09:50,Y,N,Y,N,Y,N,N
EEEE,132,3,36,10:00,10:50,Y,N,Y,N,Y,N,N
EEEE,132,4,36,11:00,11:50,Y,N,Y,N,Y,N,N
EEEE,132,5,36,14:00,14:50,Y,N,Y,N,Y,N,N
EEEE,233,1,36,08:00,08:50,Y,N,Y,N,Y,N,N
EEEE,233,2,36,09:00,09:50,Y,N,Y,N,Y,N,N
EEEE,233,3,36,10:00,10:50,Y,N,Y,N,Y,N,N
EEEE,233,4,36,11:00,11:50,Y,N,Y,N,Y,N,N
EEEE,233,5,36,15:00,15:50,Y,N,Y,N,Y,N,N
EEET,101,1,50,08:00,09:15,N,Y,N,Y,N,N,N
EEET,101,2,50,09:30,10:45,N,Y,N,Y,N,N,N
EEET,201,1,35,08:00,09:15,N,Y,N,Y,N,N,N
EEET,201,2,35,09:30,10:45,N,Y,N,Y,N,N,N
ENGL,101,1,50,08:00,09:15,N,Y,N,Y,N,N,N
ENGL,101,2,50,11:00,12:15,Y,N,Y,N,Y,N,N
ENGL,201,1,35,08:00,09:15,N,Y,N,Y,N,N,N
ENGL,201,2,35,09:30,10:45,N,Y,N,Y,N,N,N
ENGL,201,3,40,14:00,15:15,Y,N,Y,N,Y,N,N
ENGL,301,1,35,08:00,09:15,N,Y,N,Y,N,N,N
ENGL,301,2,35,09:30,10:45,N,Y,N,Y,N,N,N
ENGL,301,3,40,11:00,12:15,Y,N,Y,N,Y,N,N
ENVS,101,1,50,08:00,09:15,N,Y,N,Y,N,N,N
ENVS,101,2,50,09:30,10:45,N,Y,N,Y,N,N,N
ENVS,201,1,35,08:00,09:15,N,Y,N,Y,N,N,N
ENVS,201,2,35,09:30,10:45,N,Y,N,Y,N,N,N
ESHS,101,1,50,08:00,09:15,N,Y,N,Y,N,N,N
ESHS,101,2,50,09:30,10:45,N,Y,N,Y,N,N,N
ESHS,201,1,35,08:00,09:15,N,Y,N,Y,N,N,N
ESHS,201,2,35,09:30,10:45,N,Y,N,Y,N,N,N
EXSC,101,1,50,08:00,09:15,N,Y,N,Y,N,N,N
EXSC,101,2,50,09:30,10:45,N,Y,N,Y,N,N,N
EXSC,101,3,50,11:00,12:15,N,Y,N,Y,N,N,N
EXSC,201,1,35,08:00,09:15,N,Y,N,Y,N,N,N
EXSC,201,2,35,09:30,10:45,N,Y,N,Y,N,N,N
EXSC,201,3,35,11:00,12:15,N,Y,N,Y,N,N,N
EXSC,201,4,35,12:30,13:45,N,Y,N,Y,N,N,N
FINC,220,1,45,08:00,09:15,N,Y,N,Y,N,N,N
FINC,220,2,45,09:30,10:45,N,Y,N,Y,N,N,N
FINC,220,3,45,11:00,12:15,N,Y,N,Y,N,N,N
FINC,310,1,45,08:00,09:15,N,Y,N,Y,N,N,N
FINC,310,2,45,09:30,10:45,N,Y,N,Y,N,N,N
FINC,310,3,45,11:00,12:15,N,Y,N,Y,N,N,N
GBSM,101,1,50,08:00,09:15,N,Y,N,Y,N,N,N
GBSM,101,2,50,09:30,10:45,N,Y,N,Y,N,N,N
GBSM,201,1,45,08:00,09:15,N,Y,N,Y,N,N,N
GBSM,201,2,45,09:30,10:45,N,Y,N,Y,N,N,N
GLFUT,101,1,50,08:00,09:15,N,Y,N,Y,N,N,N
GLFUT,201,1,35,09:30,10:45,N,Y,N,Y,N,N,N
GPHL,101,1,50,08:00,09:15,N,Y,N,Y,N,N,N
GPHL,101,2,50,09:30,10:45,N,Y,N,Y,N,N,N
GPHL,201,1,35,08:00,09:15,N,Y,N,Y,N,N,N
GPHL,201,2,35,09:30,10:45,N,Y,N,Y,N,N,N
HCIN,101,1,50,08:00,09:15,N,Y,N,Y,N,N,N
HCIN,101,2,50,09:30,10:45,N,Y,N,Y,N,N,N
HCIN,201,1,35,08:00,09:15,N,Y,N,Y,N,N,N
HCIN,201,2,35,09:30,10:45,N,Y,N,Y,N,N,N
HCIN,201,3,35,11:00,12:15,N,Y,N,Y,N,N,N
HCMD,101,1,50,08:00,09:15,N,Y,N,Y,N,N,N
HCMD,101,2,40,11:00,12:15,Y,N,Y,N,Y,N,N
HCMD,201,1,35,08:00,09:15,N,Y,N,Y,N,N,N
HCMD,201,2,35,09:30,10:45,N,Y,N,Y,N,N,N
HCMD,201,3,40,14:00,15:15,Y,N,Y,N,Y,N,N
HIST,101,1,50,08:00,09:15,N,Y,N,Y,N,N,N
HIST,101,2,50,09:30,10:45,N,Y,N,Y,N,N,N
HIST,101,3,50,11:00,12:15,Y,N,Y,N,Y,N,N
HIST,102,1,24,08:00,09:15,N,Y,N,Y,N,N,N
HIST,102,2,24,09:30,10:45,N,Y,N,Y,N,N,N
HIST,102,3,50,14:00,15:15,Y,N,Y,N,Y,N,N
HIST,201,1,50,08:00,09:15,N,Y,N,Y,N,N,N
HIST,201,2,35,11:00,12:15,Y,N,Y,N,Y,N,N
HTMG,101,1,50,08:00,09:15,N,Y,N,Y,N,N,N
HTMG,101,2,50,09:30,10:45,N,Y,N,Y,N,N,N
HTMG,201,1,45,08:00,09:15,N,Y,N,Y,N,N,N
HTMG,201,2,45,09:30,10:45,N,Y,N,Y,N,N,N
IGME,105,1,40,08:00,08:50,Y,N,Y,N,Y,N,N
IGME,105,2,40,09:00,09:50,Y,N,Y,N,Y,N,N
IGME,105,3,40,10:00,10:50,Y,N,Y,N,Y,N,N
IGME,105,4,40,11:00,11:50,Y,N,Y,N,Y,N,N
IGME,105,5,40,12:00,12:50,Y,N,Y,N,Y,N,N
IGME,106,1,40,08:00,08:50,Y,N,Y,N,Y,N,N
IGME,106,2,40,09:00,09:50,Y,N,Y,N,Y,N,N
IGME,106,3,40,10:00,10:50,Y,N,Y,N,Y,N,N
IGME,106,4,40,11:00,11:50,Y,N,Y,N,Y,N,N
IGME,106,5,40,12:00,12:50,Y,N,Y,N,Y,N,N
IGME,202,1,40,08:00,08:50,Y,N,Y,N,Y,N,N
IGME,202,2,40,09:00,09:50,Y,N,Y,N,Y,N,N
IGME,202,3,40,10:00,10:50,Y,N,Y,N,Y,N,N
IGME,202,4,40,11:00,11:50,Y,N,Y,N,Y,N,N
IGME,202,5,40,12:00,12:50,Y,N,Y,N,Y,N,N
IMGS,111,1,50,08:00,09:15,N,Y,N,Y,N,N,N
IMGS,111,2,40,11:00,12:15,Y,N,Y,N,Y,N,N
IMGS,201,1,35,08:00,09:15,N,Y,N,Y,N,N,N
IMGS,201,2,35,09:30,10:45,N,Y,N,Y,N,N,N
IMGS,201,3,40,14:00,15:15,Y,N,Y,N,Y,N,N
INDS,101,1,50,08:00,09:15,N,Y,N,Y,N,N,N
INDS,101,2,40,11:00,12:15,Y,N,Y,N,Y,N,N
INDS,201,1,35,08:00,09:15,N,Y,N,Y,N,N,N
INDS,201,2,35,09:30,10:45,N,Y,N,Y,N,N,N
INDS,201,3,40,14:00,15:15,Y,N,Y,N,Y,N,N
INTL,101,1,50,08:00,09:15,N,Y,N,Y,N,N,N
INTL,101,2,45,11:00,12:15,Y,N,Y,N,Y,N,N
INTL,201,1,35,08:00,09:15,N,Y,N,Y,N,N,N
INTL,201,2,35,09:30,10:45,N,Y,N,Y,N,N,N
INTL,201,3,45,14:00,15:15,Y,N,Y,N,Y,N,N
ISEE,201,1,36,08:00,09:15,N,Y,N,Y,N,N,N
ISEE,201,2,36,09:30,10:45,N,Y,N,Y,N,N,N
ISEE,201,3,36,11:00,12:15,N,Y,N,Y,N,N,N
ISEE,201,4,36,14:00,15:15,N,Y,N,Y,N,N,N
ISEE,301,1,36,08:00,09:15,N,Y,N,Y,N,N,N
ISEE,301,2,36,09:30,10:45,N,Y,N,Y,N,N,N
ISEE,301,3,36,11:00,12:15,N,Y,N,Y,N,N,N
ISEE,301,4,36,15:30,16:45,N,Y,N,Y,N,N,N
ISTE,120,1,40,08:00,08:50,Y,N,Y,N,Y,N,N
ISTE,120,2,40,09:00,09:50,Y,N,Y,N,Y,N,N
ISTE,120,3,40,10:00,10:50,Y,N,Y,N,Y,N,N
ISTE,120,4,40,11:00,11:50,Y,N,Y,N,Y,N,N
ISTE,120,5,40,12:00,12:50,Y,N,Y,N,Y,N,N
ISTE,120,6,40,13:00,13:50,Y,N,Y,N,Y,N,N
ISTE,120,7,40,14:00,14:50,Y,N,Y,N,Y,N,N
ISTE,120,8,40,15:00,15:50,Y,N,Y,N,Y,N,N
ISTE,121,1,40,08:00,08:50,Y,N,Y,N,Y,N,N
ISTE,121,2,40,09:00,09:50,Y,N,Y,N,Y,N,N
ISTE,121,3,40,10:00,10:50,Y,N,Y,N,Y,N,N
ISTE,121,4,40,11:00,11:50,Y,N,Y,N,Y,N,N
ISTE,230,1,40,08:00,08:50,Y,N,Y,N,Y,N,N
ISTE,230,2,40,09:00,09:50,Y,N,Y,N,Y,N,N
ISTE,230,3,40,10:00,10:50,Y,N,Y,N,Y,N,N
ISTE,230,4,40,11:00,11:50,Y,N,Y,N,Y,N,N
ISTE,230,5,40,12:00,12:50,Y,N,Y,N,Y,N,N
ISTE,230,6,40,13:00,13:50,Y,N,Y,N,Y,N,N
ISTE,230,7,40,14:00,14:50,Y,N,Y,N,Y,N,N
ISTE,230,8,40,14:00,14:50,Y,N,Y,N,Y,N,N
MATH,161,1,35,08:00,09:15,N,Y,N,Y,N,N,N
MATH,161,2,35,09:30,10:45,N,Y,N,Y,N,N,N
MATH,161,3,35,11:00,12:15,N,Y,N,Y,N,N,N
MATH,161,4,35,12:30,13:45,N,Y,N,Y,N,N,N
MATH,161,5,35,14:00,15:15,N,Y,N,Y,N,N,N
MATH,161,6,35,15:30,16:45,N,Y,N,Y,N,N,N
MATH,161,7,35,17:00,18:15,N,Y,N,Y,N,N,N
MATH,161,8,35,08:00,09:15,N,N,Y,N,Y,N,N
MATH,161,9,35,09:30,10:45,N,N,Y,N,Y,N,N
MATH,161,10,35,11:00,12:15,N,N,Y,N,Y,N,N
MATH,161,11,35,12:30,13:45,N,N,Y,N,Y,N,N
MATH,161,12,35,14:00,15:15,N,N,Y,N,Y,N,N
MATH,161,13,35,15:30,16:45,N,N,Y,N,Y,N,N
MATH,161,14,35,17:00,18:15,N,N,Y,N,Y,N,N
MATH,161,15,35,08:00,09:15,N,Y,N,Y,N,N,N
MATH,161,16,35,09:30,10:45,N,Y,N,Y,N,N,N
MATH,161,17,35,11:00,12:15,N,Y,N,Y,N,N,N
MATH,161,18,35,12:30,13:45,N,Y,N,Y,N,N,N
MATH,161,19,35,14:00,15:15,N,Y,N,Y,N,N,N
MATH,161,20,35,15:30,16:45,N,Y,N,Y,N,N,N
MATH,161,21,35,17:00,18:15,N,Y,N,Y,N,N,N
MATH,161,22,35,08:00,09:15,N,N,Y,N,Y,N,N
MATH,161,23,35,09:30,10:45,N,N,Y,N,Y,N,N
MATH,161,24,35,11:00,12:15,N,N,Y,N,Y,N,N
MATH,161,25,35,12:30,13:45,N,N,Y,N,Y,N,N
MATH,161,26,35,14:00,15:15,N,N,Y,N,Y,N,N
MATH,161,27,35,15:30,16:45,N,N,Y,N,Y,N,N
MATH,161,28,35,17:00,18:15,N,N,Y,N,Y,N,N
MATH,171,2,35,09:30,10:45,N,Y,N,Y,N,N,N
MATH,171,8,35,08:00,09:15,N,N,Y,N,Y,N,N
MATH,171,11,35,12:30,13:45,N,N,Y,N,Y,N,N
MATH,171,13,35,15:30,16:45,N,N,Y,N,Y,N,N
MATH,181,1,35,08:00,09:15,N,Y,N,Y,N,N,N
MATH,181,2,35,09:30,10:45,N,Y,N,Y,N,N,N
MATH,181,3,45,11:00,12:15,N,Y,N,Y,N,N,N
MATH,181,4,35,12:30,13:45,N,Y,N,Y,N,N,N
MATH,181,5,35,14:00,15:15,N,Y,N,Y,N,N,N
MATH,181,7,35,17:00,18:15,N,Y,N,Y,N,N,N
MATH,181,8,35,08:00,09:15,N,N,Y,N,Y,N,N
MATH,181,11,35,12:30,13:45,N,N,Y,N,Y,N,N
MATH,181,12,35,14:00,15:15,N,N,Y,N,Y,N,N
MATH,181,13,35,15:30,16:45,N,N,Y,N,Y,N,N
MATH,181,14,35,17:00,18:15,N,N,Y,N,Y,N,N
MATH,181,15,35,08:00,09:15,N,Y,N,Y,N,N,N
MATH,181,16,35,09:30,10:45,N,Y,N,Y,N,N,N
MATH,181,17,35,11:00,12:15,N,Y,N,Y,N,N,N
MATH,181,18,35,12:30,13:45,N,Y,N,Y,N,N,N
MATH,181,19,35,14:00,15:15,N,Y,N,Y,N,N,N
MATH,181,20,35,15:30,16:45,N,Y,N,Y,N,N,N
MATH,181,22,35,08:00,09:15,N,N,Y,N,Y,N,N
MATH,181,23,35,09:30,10:45,N,N,Y,N,Y,N,N
MATH,181,24,35,11:00,12:15,N,N,Y,N,Y,N,N
MATH,181,27,35,15:30,16:45,N,N,Y,N,Y,N,N
MATH,181,28,35,17:00,18:15,N,N,Y,N,Y,N,N
MATH,181,29,35,08:00,09:15,N,Y,N,Y,N,N,N
MATH,181,30,35,09:30,10:45,N,Y,N,Y,N,N,N
MATH,181,31,35,11:00,12:15,N,Y,N,Y,N,N,N
MATH,181,32,35,12:30,13:45,N,Y,N,Y,N,N,N
MATH,181,33,35,14:00,15:15,N,Y,N,Y,N,N,N
MATH,181,34,35,15:30,16:45,N,Y,N,Y,N,N,N
MATH,181,35,35,17:00,18:15,N,Y,N,Y,N,N,N
MATH,181,36,35,08:00,09:15,N,N,Y,N,Y,N,N
MATH,181,37,35,09:30,10:45,N,N,Y,N,Y,N,N
MATH,181,38,35,11:00,12:15,N,N,Y,N,Y,N,N
MATH,181,39,35,12:30,13:45,N,N,Y,N,Y,N,N
MATH,181,40,35,14:00,15:15,N,N,Y,N,Y,N,N
MATH,181,42,35,17:00,18:15,N,N,Y,N,Y,N,N
MATH,181,45,35,11:00,12:15,N,Y,N,Y,N,N,N
MATH,181,46,35,12:30,13:45,N,Y,N,Y,N,N,N
MATH,181,47,35,14:00,15:15,N,Y,N,Y,N,N,N
MATH,181,48,35,15:30,16:45,N,Y,N,Y,N,N,N
MATH,181,49,35,17:00,18:15,N,Y,N,Y,N,N,N
MATH,181,50,35,08:00,09:15,N,N,Y,N,Y,N,N
MATH,181,51,35,09:30,10:45,N,N,Y,N,Y,N,N
MATH,181,52,35,11:00,12:15,N,N,Y,N,Y,N,N
MATH,181,53,35,12:30,13:45,N,N,Y,N,Y,N,N
MATH,181,54,35,14:00,15:15,N,N,Y,N,Y,N,N
MATH,181,55,35,15:30,16:45,N,N,Y,N,Y,N,N
MATH,181,57,35,08:00,09:15,N,Y,N,Y,N,N,N
MATH,181,58,35,09:30,10:45,N,Y,N,Y,N,N,N
MATH,181,61,35,14:00,15:15,N,Y,N,Y,N,N,N
MATH,181,62,35,15:30,16:45,N,Y,N,Y,N,N,N
MATH,181,63,35,17:00,18:15,N,Y,N,Y,N,N,N
MATH,181,64,35,08:00,09:15,N,N,Y,N,Y,N,N
MATH,181,65,35,09:30,10:45,N,N,Y,N,Y,N,N
MATH,181,66,35,11:00,12:15,N,N,Y,N,Y,N,N
MATH,181,67,35,12:30,13:45,N,N,Y,N,Y,N,N
MATH,181,68,35,14:00,15:15,N,N,Y,N,Y,N,N
MATH,181,69,35,15:30,16:45,N,N,Y,N,Y,N,N
MATH,181,70,35,17:00,18:15,N,N,Y,N,Y,N,N
MATH,181,71,35,08:00,09:15,N,Y,N,Y,N,N,N
MATH,181,72,35,09:30,10:45,N,Y,N,Y,N,N,N
MATH,181,73,35,11:00,12:15,N,Y,N,Y,N,N,N
MATH,181,74,35,12:30,13:45,N,Y,N,Y,N,N,N
MATH,181,77,35,17:00,18:15,N,Y,N,Y,N,N,N
MATH,181,80,35,11:00,12:15,N,N,Y,N,Y,N,N
MATH,181,81,35,12:30,13:45,N,N,Y,N,Y,N,N
MATH,181,82,35,14:00,15:15,N,N,Y,N,Y,N,N
MATH,181,83,35,15:30,16:45,N,N,Y,N,Y,N,N
MATH,181,84,35,17:00,18:15,N,N,Y,N,Y,N,N
MATH,181,85,35,08:00,09:15,N,Y,N,Y,N,N,N
MATH,181,86,35,09:30,10:45,N,Y,N,Y,N,N,N
MATH,181,87,35,11:00,12:15,N,Y,N,Y,N,N,N
MATH,181,88,35,12:30,13:45,N,Y,N,Y,N,N,N
MATH,181,89,35,14:00,15:15,N,Y,N,Y,N,N,N
MATH,181,90,35,15:30,16:45,N,Y,N,Y,N,N,N
MATH,181,92,35,08:00,09:15,N,N,Y,N,Y,N,N
MATH,181,93,35,09:30,10:45,N,N,Y,N,Y,N,N
MATH,181,97,35,15:30,16:45,N,N,Y,N,Y,N,N
MATH,181,98,35,17:00,18:15,N,N,Y,N,Y,N,N
MATH,181,99,35,08:00,09:15,N,Y,N,Y,N,N,N
MATH,181,100,35,09:30,10:45,N,Y,N,Y,N,N,N
MATH,181,101,35,11:00,12:15,N,Y,N,Y,N,N,N
MATH,181,102,35,12:30,13:45,N,Y,N,Y,N,N,N
MATH,181,103,35,14:00,15:15,N,Y,N,Y,N,N,N
MATH,182,5,35,14:00,15:15,N,Y,N,Y,N,N,N
MATH,182,8,35,08:00,09:15,N,N,Y,N,Y,N,N
MATH,182,12,35,14:00,15:15,N,N,Y,N,Y,N,N
MATH,182,16,35,09:30,10:45,N,Y,N,Y,N,N,N
MATH,182,18,35,12:30,13:45,N,Y,N,Y,N,N,N
MATH,182,21,35,17:00,18:15,N,Y,N,Y,N,N,N
MATH,182,23,35,09:30,10:45,N,N,Y,N,Y,N,N
MATH,182,28,35,17:00,18:15,N,N,Y,N,Y,N,N
MATH,182,29,35,08:00,09:15,N,Y,N,Y,N,N,N
MATH,182,34,35,15:30,16:45,N,Y,N,Y,N,N,N
MATH,182,39,35,12:30,13:45,N,N,Y,N,Y,N,N
MATH,182,41,35,15:30,16:45,N,N,Y,N,Y,N,N
MATH,182,45,35,11:00,12:15,N,Y,N,Y,N,N,N
MATH,182,50,35,08:00,09:15,N,N,Y,N,Y,N,N
MATH,182,52,35,11:00,12:15,N,N,Y,N,Y,N,N
MATH,182,58,35,09:30,10:45,N,Y,N,Y,N,N,N
MATH,182,61,35,14:00,15:15,N,Y,N,Y,N,N,N
MATH,190,4,35,12:30,13:45,N,Y,N,Y,N,N,N
MATH,190,8,35,08:00,09:15,N,N,Y,N,Y,N,N
MATH,190,16,35,09:30,10:45,N,Y,N,Y,N,N,N
MATH,190,27,35,15:30,16:45,N,N,Y,N,Y,N,N
MATH,219,4,35,12:30,13:45,N,Y,N,Y,N,N,N
MATH,219,8,35,08:00,09:15,N,N,Y,N,Y,N,N
MATH,219,16,35,09:30,10:45,N,Y,N,Y,N,N,N
MATH,219,27,35,15:30,16:45,N,N,Y,N,Y,N,N
MATH,221,8,35,08:00,09:15,N,N,Y,N,Y,N,N
MATH,221,11,35,12:30,13:45,N,N,Y,N,Y,N,N
MATH,241,1,35,08:00,09:15,N,Y,N,Y,N,N,N
MATH,241,2,35,09:30,10:45,N,Y,N,Y,N,N,N
MATH,241,3,35,11:00,12:15,N,Y,N,Y,N,N,N
MATH,241,4,35,12:30,13:45,N,Y,N,Y,N,N,N
MATH,251,1,35,08:00,09:15,N,Y,N,Y,N,N,N
MATH,251,2,35,09:30,10:45,N,Y,N,Y,N,N,N
MCEE,101,1,50,08:00,09:15,N,Y,N,Y,N,N,N
MCEE,101,2,50,09:30,10:45,N,Y,N,Y,N,N,N
MCEE,201,1,36,08:00,09:15,N,Y,N,Y,N,N,N
MCEE,201,2,36,09:30,10:45,N,Y,N,Y,N,N,N
MCEE,201,3,36,11:00,12:15,N,Y,N,Y,N,N,N
MCET,101,1,50,08:00,09:15,N,Y,N,Y,N,N,N
MCET,101,2,50,09:30,10:45,N,Y,N,Y,N,N,N
MCET,201,1,35,08:00,09:15,N,Y,N,Y,N,N,N
MCET,201,2,35,09:30,10:45,N,Y,N,Y,N,N,N
MECE,102,1,24,08:00,08:50,Y,N,Y,N,Y,N,N
MECE,102,2,24,09:00,09:50,Y,N,Y,N,Y,N,N
MECE,102,3,24,10:00,10:50,Y,N,Y,N,Y,N,N
MECE,102,4,24,11:00,11:50,Y,N,Y,N,Y,N,N
MECE,102,5,24,12:00,12:50,Y,N,Y,N,Y,N,N
MECE,102,6,24,13:00,13:50,Y,N,Y,N,Y,N,N
MECE,102,7,24,14:00,14:50,Y,N,Y,N,Y,N,N
MECE,102,8,24,15:00,15:50,Y,N,Y,N,Y,N,N
MECE,102,9,24,16:00,16:50,Y,N,Y,N,Y,N,N
MECE,102,10,24,08:00,08:50,N,Y,N,Y,N,N,N
MECE,102,11,24,09:00,09:50,N,Y,N,Y,N,N,N
MECE,104,1,36,08:00,08:50,Y,N,Y,N,Y,N,N
MECE,104,2,36,09:00,09:50,Y,N,Y,N,Y,N,N
MECE,104,3,36,10:00,10:50,Y,N,Y,N,Y,N,N
MECE,104,4,36,11:00,11:50,Y,N,Y,N,Y,N,N
MECE,104,5,36,12:00,12:50,Y,N,Y,N,Y,N,N
MECE,104,6,36,13:00,13:50,Y,N,Y,N,Y,N,N
MECE,104,7,36,14:00,14:50,Y,N,Y,N,Y,N,N
MECE,104,8,36,15:00,15:50,Y,N,Y,N,Y,N,N
MECE,117,1,36,08:00,08:50,Y,N,Y,N,Y,N,N
MECE,117,2,36,09:00,09:50,Y,N,Y,N,Y,N,N
MECE,117,3,36,10:00,10:50,Y,N,Y,N,Y,N,N
MECE,117,4,36,11:00,11:50,Y,N,Y,N,Y,N,N
MECE,117,5,36,12:00,12:50,Y,N,Y,N,Y,N,N
MECE,117,6,36,13:00,13:50,Y,N,Y,N,Y,N,N
MECE,117,7,36,14:00,14:50,Y,N,Y,N,Y,N,N
MECE,117,8,36,15:00,15:50,Y,N,Y,N,Y,N,N
MET,101,1,50,08:00,09:15,N,Y,N,Y,N,N,N
MET,101,2,50,09:30,10:45,N,Y,N,Y,N,N,N
MET,201,1,35,08:00,09:15,N,Y,N,Y,N,N,N
MET,201,2,35,09:30,10:45,N,Y,N,Y,N,N,N
MET,201,3,35,11:00,12:15,N,Y,N,Y,N,N,N
MFET,101,1,50,08:00,09:15,N,Y,N,Y,N,N,N
MFET,101,2,45,11:00,12:15,Y,N,Y,N,Y,N,N
MFET,201,1,35,08:00,09:15,N,Y,N,Y,N,N,N
MFET,201,2,35,09:30,10:45,N,Y,N,Y,N,N,N
MFET,201,3,45,14:00,15:15,Y,N,Y,N,Y,N,N
MGMT,101,1,50,08:00,09:15,N,Y,N,Y,N,N,N
MGMT,101,2,50,09:30,10:45,N,Y,N,Y,N,N,N
MGMT,101,3,50,11:00,12:15,N,Y,N,Y,N,N,N
MGMT,101,4,50,12:30,13:45,N,Y,N,Y,N,N,N
MGMT,101,5,50,14:00,15:15,N,Y,N,Y,N,N,N
MGMT,101,6,50,15:30,16:45,N,Y,N,Y,N,N,N
MGMT,101,7,50,17:00,18:15,N,Y,N,Y,N,N,N
MGMT,101,8,50,08:00,09:15,N,Y,N,Y,N,N,N
MGMT,101,9,50,09:30,10:45,N,Y,N,Y,N,N,N
MGMT,101,10,50,11:00,12:15,N,Y,N,Y,N,N,N
MGMT,101,11,50,12:30,13:45,N,Y,N,Y,N,N,N
MGMT,101,12,50,14:00,15:15,N,Y,N,Y,N,N,N
MGMT,101,13,50,15:30,16:45,N,Y,N,Y,N,N,N
MPSC,101,1,50,08:00,09:15,N,Y,N,Y,N,N,N
MPSC,101,2,45,11:00,12:15,Y,N,Y,N,Y,N,N
MPSC,201,1,35,08:00,09:15,N,Y,N,Y,N,N,N
MPSC,201,2,35,09:30,10:45,N,Y,N,Y,N,N,N
MPSC,201,3,45,14:00,15:15,Y,N,Y,N,Y,N,N
MRKT,220,1,45,08:00,09:15,N,Y,N,Y,N,N,N
MRKT,220,2,45,09:30,10:45,N,Y,N,Y,N,N,N
MRKT,220,3,45,11:00,12:15,N,Y,N,Y,N,N,N
MRKT,310,1,45,08:00,09:15,N,Y,N,Y,N,N,N
MRKT,310,2,45,09:30,10:45,N,Y,N,Y,N,N,N
MRKT,310,3,45,11:00,12:15,N,Y,N,Y,N,N,N
MSMS,101,1,50,08:00,09:15,N,Y,N,Y,N,N,N
MSMS,201,1,35,09:30,10:45,N,Y,N,Y,N,N,N
NMID,101,1,50,08:00,09:15,N,Y,N,Y,N,N,N
NMID,101,2,50,09:30,10:45,N,Y,N,Y,N,N,N
NMID,201,1,35,08:00,09:15,N,Y,N,Y,N,N,N
NMID,201,2,35,09:30,10:45,N,Y,N,Y,N,N,N
NMID,201,3,35,11:00,12:15,N,Y,N,Y,N,N,N
NUTR,101,1,50,08:00,09:15,N,Y,N,Y,N,N,N
NUTR,101,2,50,09:30,10:45,N,Y,N,Y,N,N,N
NUTR,201,1,35,08:00,09:15,N,Y,N,Y,N,N,N
NUTR,201,2,35,09:30,10:45,N,Y,N,Y,N,N,N
NUTR,201,3,35,11:00,12:15,N,Y,N,Y,N,N,N
PHIL,101,1,50,08:00,09:15,N,Y,N,Y,N,N,N
PHIL,201,1,50,09:30,10:45,N,Y,N,Y,N,N,N
PHIL,301,1,50,11:00,12:15,N,Y,N,Y,N,N,N
PHTS,101,1,50,08:00,09:15,N,Y,N,Y,N,N,N
PHTS,101,2,50,09:30,10:45,N,Y,N,Y,N,N,N
PHTS,201,1,35,08:00,09:15,N,Y,N,Y,N,N,N
PHTS,201,2,35,09:30,10:45,N,Y,N,Y,N,N,N
PHYS,111,1,50,08:00,09:15,N,Y,N,Y,N,N,N
PHYS,211,1,40,08:00,09:15,N,Y,N,Y,N,N,N
PHYS,211,10,40,11:00,12:15,Y,N,Y,N,Y,N,N
PHYS,211,11,40,14:00,15:15,Y,N,Y,N,Y,N,N
PHYS,212,1,40,08:00,09:15,N,Y,N,Y,N,N,N
PHYS,212,2,40,09:30,10:45,N,Y,N,Y,N,N,N
PHYS,212,3,40,11:00,12:15,N,Y,N,Y,N,N,N
PHYS,320,1,40,08:00,09:15,N,Y,N,Y,N,N,N
PHYS,320,2,40,09:30,10:45,N,Y,N,Y,N,N,N
PHYS,320,3,40,12:30,13:45,N,Y,N,Y,N,N,N
PKSC,101,1,50,08:00,09:15,N,Y,N,Y,N,N,N
PKSC,101,2,50,09:30,10:45,N,Y,N,Y,N,N,N
PKSC,201,1,35,08:00,09:15,N,Y,N,Y,N,N,N
PKSC,201,2,35,09:30,10:45,N,Y,N,Y,N,N,N
POLS,101,1,50,08:00,09:15,N,Y,N,Y,N,N,N
POLS,101,2,50,09:30,10:45,N,Y,N,Y,N,N,N
POLS,101,3,50,11:00,12:15,Y,N,Y,N,Y,N,N
POLS,201,1,50,08:00,09:15,N,Y,N,Y,N,N,N
POLS,201,2,50,09:30,10:45,N,Y,N,Y,N,N,N
POLS,201,3,50,14:00,15:15,Y,N,Y,N,Y,N,N
POLS,301,1,50,08:00,09:15,N,Y,N,Y,N,N,N
POLS,301,2,50,09:30,10:45,N,Y,N,Y,N,N,N
POLS,301,3,50,11:00,12:15,Y,N,Y,N,Y,N,N
PSYC,101,1,50,08:00,09:15,N,Y,N,Y,N,N,N
PSYC,101,2,50,09:30,10:45,N,Y,N,Y,N,N,N
PSYC,101,3,50,11:00,12:15,N,Y,N,Y,N,N,N
PSYC,101,4,50,12:30,13:45,N,Y,N,Y,N,N,N
PSYC,101,5,50,14:00,15:15,N,Y,N,Y,N,N,N
PSYC,201,1,50,08:00,09:15,N,Y,N,Y,N,N,N
PSYC,201,2,50,09:30,10:45,N,Y,N,Y,N,N,N
PSYC,201,3,50,11:00,12:15,N,Y,N,Y,N,N,N
PSYC,301,1,50,08:00,09:15,N,Y,N,Y,N,N,N
PSYC,301,2,50,09:30,10:45,N,Y,N,Y,N,N,N
PSYC,301,3,50,11:00,12:15,N,Y,N,Y,N,N,N
SCMG,201,1,45,08:00,09:15,N,Y,N,Y,N,N,N
SCMG,201,2,45,09:30,10:45,N,Y,N,Y,N,N,N
SCMG,301,1,45,08:00,09:15,N,Y,N,Y,N,N,N
SCMG,301,2,45,09:30,10:45,N,Y,N,Y,N,N,N
SOCY,101,1,50,08:00,09:15,N,Y,N,Y,N,N,N
SOCY,101,2,50,09:30,10:45,N,Y,N,Y,N,N,N
SOCY,101,3,50,11:00,12:15,Y,N,Y,N,Y,N,N
SOCY,201,1,50,09:30,10:45,N,Y,N,Y,N,N,N
SOCY,201,2,40,11:00,12:15,Y,N,Y,N,Y,N,N
STAT,145,1,35,08:00,09:15,N,Y,N,Y,N,N,N
STAT,205,1,35,08:00,09:15,N,Y,N,Y,N,N,N
STAT,205,4,35,12:30,13:45,N,Y,N,Y,N,N,N
STAT,305,1,35,08:00,09:15,N,Y,N,Y,N,N,N
STAT,305,2,35,09:30,10:45,N,Y,N,Y,N,N,N
SWEN,261,1,40,08:00,08:50,Y,N,Y,N,Y,N,N
SWEN,261,2,40,09:00,09:50,Y,N,Y,N,Y,N,N
SWEN,261,3,40,10:00,10:50,Y,N,Y,N,Y,N,N
SWEN,261,4,40,11:00,11:50,Y,N,Y,N,Y,N,N
SWEN,261,5,40,12:00,12:50,Y,N,Y,N,Y,N,N
SWEN,261,6,40,13:00,13:50,Y,N,Y,N,Y,N,N
SWEN,262,1,40,08:00,08:50,Y,N,Y,N,Y,N,N
SWEN,262,2,40,09:00,09:50,Y,N,Y,N,Y,N,N
SWEN,262,3,40,10:00,10:50,Y,N,Y,N,Y,N,N
SWEN,262,4,40,11:00,11:50,Y,N,Y,N,Y,N,N
SWEN,262,5,40,12:00,12:50,Y,N,Y,N,Y,N,N
SWEN,262,6,40,13:00,13:50,Y,N,Y,N,Y,N,N
WGSS,101,1,50,08:00,09:15,N,Y,N,Y,N,N,N
WGSS,201,1,35,09:30,10:45,N,Y,N,Y,N,N,N
